sample,N298D,L234M/M235V/T300A,S211N/L234M/M235V,L234M/R237I,K421R,L234M/M235V,ΔL234,HY,ΔL234/R237I,K421R/T489A
chicken 1,0.0,0.0,0.0,0.0,3.21,0.0,0.45,61.26,0.09,4.4
chicken 2,0.0,0.0,0.0,0.0,0.32,0.0,0.12,75.16,0.04,0.16
chicken 3,0.0,0.0,0.0,0.0,0.0,0.0,0.0,79.99,0.0,0.0
chicken 4,0.0,0.0,0.0,0.0,0.01,0.0,0.0,69.81,0.0,0.0
chicken 5,0.01,0.0,0.0,0.0,0.01,0.0,0.0,85.28,0.0,0.01
chicken exp 1,0.0,0.0,0.0,0.0,4.27,0.0,0.0,72.62,0.0,2.54
chicken exp 2,0.01,0.0,0.0,0.0,0.01,0.0,0.0,75.68,0.0,0.0
chicken exp 3,0.01,0.0,0.0,0.0,0.0,0.0,0.0,78.26,0.0,0.0
chicken exp 4,0.0,0.0,0.0,0.0,0.01,0.0,0.02,73.59,0.11,0.0
chicken exp 5,0.03,0.0,0.0,0.0,0.05,0.0,0.0,84.91,0.0,0.01
mouse 1,0.0,0.0,0.0,1.08,6.51,6.63,8.95,12.53,13.97,18.11
mouse 2,0.0,0.18,0.94,6.02,0.0,14.94,2.59,0.42,49.95,0.0
mouse 3,0.0,0.57,0.56,6.11,0.0,9.92,1.61,2.23,50.57,0.0
mouse 4,0.0,3.24,3.01,3.87,0.0,9.89,0.84,0.08,51.49,0.0
mouse 5,0.0,6.88,9.88,7.57,0.02,15.32,0.82,0.24,30.41,0.01
ferret 1,0.01,0.0,0.0,0.0,5.78,0.01,38.31,26.59,0.0,4.71
ferret 2,0.01,0.0,0.0,0.0,6.08,0.0,15.15,24.2,0.0,26.33
ferret 3,0.0,0.0,0.0,0.01,0.01,0.0,0.16,50.32,1.05,0.0
ferret 4,66.55,0.0,0.0,0.0,0.0,0.0,0.0,6.84,0.0,0.0
ferret 5,64.39,0.0,0.0,0.0,0.01,0.0,0.0,24.14,0.0,0.0
