sample,N298D,T300P,E117G,S211N,T300A,M235V,L234M,R237I,ΔL234,T489A,K421R
chicken 1,0.0,0.01,0.0,0.0,0.0,0.0,0.01,0.52,0.67,8.85,11.14
chicken 2,0.0,0.01,0.0,0.0,0.0,0.0,0.02,0.3,0.23,0.34,0.66
chicken 3,0.0,0.01,0.0,0.0,0.01,0.01,0.0,0.01,0.01,0.0,0.03
chicken 4,0.0,0.0,0.0,0.0,0.0,0.0,0.0,0.0,0.0,0.0,0.01
chicken 5,0.01,0.04,0.01,0.01,0.0,0.0,0.02,0.03,0.0,0.03,0.02
chicken exp 1,0.0,0.0,0.03,0.0,0.0,0.0,0.01,0.01,0.0,5.84,8.6
chicken exp 2,0.01,0.0,0.0,0.0,0.01,0.01,0.01,0.01,0.0,0.0,0.01
chicken exp 3,0.01,0.0,0.0,0.0,0.0,0.01,0.01,0.01,0.0,0.0,0.01
chicken exp 4,0.0,0.01,0.0,0.03,0.0,0.0,0.02,0.3,0.18,0.01,0.02
chicken exp 5,0.03,0.02,0.01,0.0,0.01,0.0,0.01,0.14,0.0,0.02,0.07
mouse 1,0.0,0.0,0.0,0.0,0.0,10.42,14.88,26.15,28.59,30.77,34.34
mouse 2,0.0,0.0,0.0,1.26,0.32,20.65,32.1,74.31,61.28,0.01,0.02
mouse 3,0.0,0.01,0.66,0.92,1.46,16.16,30.1,76.05,63.34,0.0,0.01
mouse 4,0.04,0.02,2.77,4.15,5.35,23.64,33.9,72.75,63.85,0.0,0.03
mouse 5,0.06,0.03,5.31,12.39,11.25,44.33,61.23,52.04,37.54,0.02,0.15
ferret 1,0.03,0.01,0.0,0.0,0.01,0.11,1.7,0.0,46.69,12.23,14.54
ferret 2,0.01,0.0,0.0,0.0,0.01,0.02,1.08,0.01,21.06,37.54,41.42
ferret 3,0.0,6.25,0.0,0.0,0.01,0.0,0.06,2.08,1.38,0.0,0.01
ferret 4,82.26,0.02,0.0,0.0,0.0,0.01,0.0,1.65,0.01,0.01,0.02
ferret 5,71.84,0.02,0.0,0.0,0.0,0.01,0.02,0.01,0.01,0.02,0.03
